Frequencies of CYP2C9 alleles in biogeographical groups,Unnamed: 1,Unnamed: 2,Unnamed: 3,Unnamed: 4,Unnamed: 5,Unnamed: 6,Unnamed: 7,Unnamed: 8,Unnamed: 9
CYP2C9 allele,African American/Afro-Caribbean,American,Central/South Asian,East Asian,European,Latino,Near Eastern,Oceanian,Sub-Saharan African
*1,0.8710129,0.9118648,0.7721189,0.91534376,0.79275,0.86221933,0.7818267,0.95511305,0.7255106
*2,0.02243724,0.033402413,0.11379695,0.0021256818,0.1273007,0.07625658,0.12977302,0.029310955,0.013114594
*3,0.01350592,0.030054513,0.10985958,0.037616692,0.07554484,0.040156696,0.08251466,0.015575971,0.011155454
*4,0.0,0.0,0.0,0.0,0.0,0.0,0.0011754684,,0.0
*5,0.011626912,0.0014913112,0.0,0.0,0.00017448276,0.00871987,0.00052266667,,0.010325842
*6,0.008521383,0.0,0.0,0.0,0.00028025627,0.0009750473,0.0,,0.008801762
*7,,,,,,,0.0,,
*8,0.059034664,0.020382864,0.0009815951,0.0037306643,0.0018053303,0.0073706377,0.00064213155,,0.075846866
*9,0.0,,0.0,0.0,,,0.0,,0.1295592
*10,0.0,,,,,,,,0.0
*11,0.013860963,0.0028040742,0.0010429447,0.00029316536,0.0016443896,0.002901849,0.0,,0.025685642
*12,0.0,,0.0,0.00041809047,,,0.001,,0.0
*13,0.0,,,0.0033167014,,,0.0,,
*14,,,,0.00033588216,,,0.001,,
*15,0.0,,,,,,,,
*16,,,,0.001877621,,,,,
*19,,,,0.00047686882,,,,,
*20,,,0.0,,0.0,0.0,0.0,,
*21,,,0.0,,0.00010,0.00030,0.0,,
*23,,,,0.0002119417,,,,,
*24,,,0.0,,0.0,0.0,0.0,,
*25,0.0,,,0.002,,,,,
*26,,,,0.002,,,,,
*27,0.0,,,0.0016176943,,,,,
*28,,,,0.002,,,,,
*29,,,,0.0022081658,,,,,
*30,,,,0.0015598785,,,,,
*31,,,,0.0016030075,,,,,
*33,,,,0.00065227173,,,0.001,,
*34,,,,0.0002119417,,,,,
*36,,,,,,,0.0,,
*37,,,0.0,,0.0,0.0,0.0,,
*39,,,0.0,,0.0,0.0,0.0,,
*41,,,0.0,,0.0,0.0,0.0,,
*42,,,0.0,0.01,0.0,0.00010,0.00054534996,,
*43,,,0.00010,,0.0,0.0,0.0,,
*44,,,0.0,,0.0,0.00030,0.0,,
*45,,,0.00020,,0.00020,0.00050,0.0,,
*46,,,0.0,,0.0,0.0,0.0,,
*47,,,0.0,,0.0,0.0,0.0,,
*48,,,0.0,,0.0,0.0,0.0,,
*52,,,0.0,,0.0,0.0,0.0,,
*55,,,0.0,0.0104,0.0,0.0,0.0,,
*56,,,0.0,,0.0,0.0,0.0,,
*58,,,0.0,,0.0,0.0,0.0,,
*60,,,0.0,,0.0,0.0,0.0,,
*62,,,0.0,,0.00010,0.00010,0.0,,
*63,,,0.00050,,0.0,0.0,0.0,,
*66,,,0.00080,,0.0,0.0,0.0,,
*67,,,0.00020,,0.0,0.00010,0.0,,
*72,,,0.0,,0.0,0.0,0.0,,
*73,,,0.00040,,0.00010,0.0,0.0,,
*75,,,0.0,,0.0,0.0,0.0,,
