Frequencies of CYP3A5 alleles in biogeographical groups,Unnamed: 1,Unnamed: 2,Unnamed: 3,Unnamed: 4,Unnamed: 5,Unnamed: 6,Unnamed: 7
CYP3A5 allele,African American/Afro-Caribbean,Central/South Asian,East Asian,European,Latino,Near Eastern,Sub-Saharan African
*1,0.4528548,0.32672024,0.25355196,0.07410407,0.17279238,0.121941924,0.47940862
*3,0.31597915,0.67327976,0.7457923,0.9243815,0.7651353,0.83611745,0.24094562
*6,0.11116607,0.0,0.0006557377,0.0015144596,0.037054006,0.038085584,0.19323565
*7,0.12,,0.0,0.0,0.02501835,0.00385505,0.08641013
