Frequencies of NUDT15 alleles in biogeographical groups,Unnamed: 1,Unnamed: 2,Unnamed: 3,Unnamed: 4
NUDT15 allele,Central/South Asian,East Asian,European,Latino
*1,0.93002415,0.87874174,0.9931303,0.93638057
*2,0.0,0.035,0.0,0.0365
*3,0.067,0.0605,0.002,0.0075
*4,0.00003269,0.0011128682,0.00003285361,0.01786
*5,0.0004482,0.01108,0.000007794928,0.0
*6,0.002,0.013,0.003,0.0015
*7,0.0,0.0005654,0.0,0.0
*9,0.000494936,0.0,0.0018290388,0.000259413
