Frequencies of UGT1A1 alleles in biogeographical groups,Unnamed: 1,Unnamed: 2,Unnamed: 3,Unnamed: 4,Unnamed: 5,Unnamed: 6,Unnamed: 7,Unnamed: 8
UGT1A1 allele,African American/Afro-Caribbean,Central/South Asian,East Asian,European,Latino,Near Eastern,Oceanian,Sub-Saharan African
*1,0.03087449,0.5409231,0.7056254,0.36072147,0.20571208,0.6801109,0.95679015,0.4930486
*6,0.003986928,0.044862628,0.1463455,0.007872763,0.011556196,0.0,,0.0
*28,0.37335765,0.41421428,0.14802907,0.31647462,0.4,0.30762586,0.043209877,0.40004247
*36,0.084452555,0.0,0.0,0.0,0.0,0.007933025,0.0,0.069839545
*37,0.057007298,0.0,0.0,0.00068587105,0.0,0.004330254,0.0,0.037069373
*80,0.4503211,,,0.31424528,0.3827317,,,
